{
    "zweihandhammer": {
        "rotate": 15.254237288135585,
        "scale": 1.1610169491525424,
        "flip": false
    },
    "dolch": {
        "rotate": 3.0508474576271,
        "scale": 0.8728813559322034,
        "flip": true
    }
}