{
    "feuerball": {
        "rotate": 15.254237288135585,
        "scale": 1.2711864406779663,
        "flip": false,
        "offset_x": 0.0,
        "offset_y": -22.058823529411764
    }
}